#BlackLivesMatter,https://www.instagram.com/p/C6oCTQ6LxPN/?utm_source=ig_web_copy_link&igsh=MzRlODBiNWFlZA==,p
#BlackLivesMatter,https://www.instagram.com/p/C64kqMvr2nO/?utm_source=ig_web_copy_link&igsh=MzRlODBiNWFlZA==,p
#BlackLivesMatter,https://www.instagram.com/p/CN6I1IGjdWl/?igsh=MXJnc3lpOTBqMHp4bw==,n
#BlackLivesMatter,https://www.instagram.com/p/CA_eWARltgH/?igsh=Y2U4eXlud3hibW53,n
#BlackLivesMatter,https://www.instagram.com/p/CA1NcHTFsA9/?igsh=djBvbGl5Mmh1aXp0,n
#BlackLivesMatter,https://www.instagram.com/p/CBhaWbXFHuZ/?igsh=ank3dmxiOXVzYTBu,p
#BlackLivesMatter,https://www.instagram.com/p/CA-1GFyJYTM/?igsh=ZG1hNnI0bzlrNGMw,n
#BlackLivesMatter,https://www.instagram.com/p/C3RObgvg-qQ/?igsh=djhpaDU1bnFremtt,p
#BlackLivesMatter,https://www.instagram.com/p/CA0m1ebFlZ7/?igsh=cWw3aHNtZ2hlZ2tz,n
#BlackLivesMatter,https://www.instagram.com/p/CA6kojmDOyZ/?igsh=dWJxdWlwOXNvbjFy,n
#BlackLivesMatter,https://www.instagram.com/p/C5cclNNuu4Y/?igsh=MTRjcmtwbnNyOGxobg==,p
#BlackLivesMatter,https://www.instagram.com/p/CtxEfN7MUji/?igsh=MW05eWhsY2hkYmh6dA==,n
#BlackLivesMatter,https://www.instagram.com/p/Cn8HR0bPbg2/?igsh=NW8zdW1tbXppNTBp,n
#BlackLivesMatter,https://www.instagram.com/p/CzE9Z2NyMXh/?igsh=MTR5ZXIwZmplbjFocw==,n
#BlackLivesMatter,https://www.instagram.com/p/CA9KnFwDI46/?igsh=YTg1Mmc3OTN5enQ0,n
#BlackLivesMatter,https://www.instagram.com/p/CBGtWveFfUk/?igsh=MTAxZjJna2JuOHN5Yw==,p
#BlackLivesMatter,https://www.instagram.com/p/CA85Y0QgG9W/?igsh=MTRidWl2bGF2anphMw==,n
#BlackLivesMatter,https://www.instagram.com/p/CA4FHPyDFpn/?igsh=MWE4bnRvbTYxcm1ocw==,p
#BlackLivesMatter,https://www.instagram.com/p/CCOmn_LJGlf/?igsh=ZXAyejhjb2dtbzY3,p
#BlackLivesMatter,https://www.instagram.com/p/Cvnv4a3OsYX/?igsh=NndsamlhN29sbWhs,p
#BLM,https://www.instagram.com/p/C6s7znBt9w4/?igsh=enZ5N3JtcmV3dXh2,n
#BLM,https://www.instagram.com/p/C48f84ahCWn/?igsh=cm04eml0MWU2OHg=,n
#BLM,https://www.instagram.com/p/CK6lEG3FHV_/?igsh=MTkxN3Vza3NlMDBvbg==,p
#BLM,https://www.instagram.com/p/C7ZzFksvxYa/?igsh=OWpiZHNyb203cWVu,n
#BLM,https://www.instagram.com/p/Czwgy4ey1pE/?igsh=MXBoOHNlZHYxb29lbg==,p
#BLM,https://www.instagram.com/p/C3xh8-FukGV/?igsh=MWFqYW11azZ0YXYzaA==,p
#BLM,https://www.instagram.com/p/Czk0uHXuK06/?igsh=OXBsejV4dDY4dHYx,n
#BLM,https://www.instagram.com/p/CPPSYlIM04E/?igsh=djZzM3U1dzY1bWRh,n
#BLM,https://www.instagram.com/p/C6JQiDXM971/?igsh=ODd1ZzJjNnF4Z3Fx,n
#BLM,https://www.instagram.com/p/C3p3MX9LZrD/?igsh=bnN5aDgzOGR0bmhh,p
#BLM,https://www.instagram.com/p/C643ItCt0Ol/?igsh=NTN6aGZ3NThoM2dj,n
#BLM,https://www.instagram.com/p/C61kKdKOF8a/?igsh=MTcweXZhdHNlOTN4Mw==,n
#BLM,https://www.instagram.com/p/C05G-8GO5Bu/?igsh=YTBjM3JwNTF3ajBs,n
#BLM,https://www.instagram.com/p/C63z1d7O86F/?igsh=Ym52ZG5qNnI1OGRx,n
#BLM,https://www.instagram.com/p/C7PnC14xfsG/?igsh=MWE2ZWhnMGowcGFuYg==,p
#BLM,https://www.instagram.com/p/C5GeT-vSRh0/?igsh=MWM3dmxoY2VleDc4aQ==,p
#BLM,https://www.instagram.com/p/C7ItwINtARb/?igsh=MTd0aTRvZWRkNTFuMA==,p
#BLM,https://www.instagram.com/p/CLIT5NRB04S/?igsh=MTNtbWkweDVsbDl3cA==,p
#BLM,https://www.instagram.com/p/C6UH2c4OpyR/?igsh=MWdseDh0a2xodDN1Zg==,n
#BLM,https://www.instagram.com/p/C6WAD0oMoT8/?igsh=ang4NjJyMmF2ajFy,n
#SayTheirNames,https://www.instagram.com/p/C6oCTQ6LxPN/?utm_source=ig_web_copy_link&igsh=MzRlODBiNWFlZA==,p
#SayTheirNames,https://www.instagram.com/p/C64kqMvr2nO/?utm_source=ig_web_copy_link&igsh=MzRlODBiNWFlZA==,p
#SayTheirNames,https://www.instagram.com/p/CN6I1IGjdWl/?igsh=MXJnc3lpOTBqMHp4bw==,n
#SayTheirNames,https://www.instagram.com/p/CA_eWARltgH/?igsh=Y2U4eXlud3hibW53,n
#SayTheirNames,https://www.instagram.com/p/CA1NcHTFsA9/?igsh=djBvbGl5Mmh1aXp0,n
#SayTheirNames,https://www.instagram.com/p/CBhaWbXFHuZ/?igsh=ank3dmxiOXVzYTBu,p
#SayTheirNames,https://www.instagram.com/p/CA-1GFyJYTM/?igsh=ZG1hNnI0bzlrNGMw,n
#SayTheirNames,https://www.instagram.com/p/C3RObgvg-qQ/?igsh=djhpaDU1bnFremtt,p
#SayTheirNames,https://www.instagram.com/p/CA0m1ebFlZ7/?igsh=cWw3aHNtZ2hlZ2tz,n
#SayTheirNames,https://www.instagram.com/p/CA6kojmDOyZ/?igsh=dWJxdWlwOXNvbjFy,n
#SayTheirNames,https://www.instagram.com/p/C5cclNNuu4Y/?igsh=MTRjcmtwbnNyOGxobg==,p
#SayTheirNames,https://www.instagram.com/p/CtxEfN7MUji/?igsh=MW05eWhsY2hkYmh6dA==,n
#SayTheirNames,https://www.instagram.com/p/Cn8HR0bPbg2/?igsh=NW8zdW1tbXppNTBp,n
#SayTheirNames,https://www.instagram.com/p/CzE9Z2NyMXh/?igsh=MTR5ZXIwZmplbjFocw==,n
#SayTheirNames,https://www.instagram.com/p/CA9KnFwDI46/?igsh=YTg1Mmc3OTN5enQ0,n
#SayTheirNames,https://www.instagram.com/p/CBGtWveFfUk/?igsh=MTAxZjJna2JuOHN5Yw==,p
#SayTheirNames,https://www.instagram.com/p/CA85Y0QgG9W/?igsh=MTRidWl2bGF2anphMw==,n
#SayTheirNames,https://www.instagram.com/p/CA4FHPyDFpn/?igsh=MWE4bnRvbTYxcm1ocw==,p
#SayTheirNames,https://www.instagram.com/p/CCOmn_LJGlf/?igsh=ZXAyejhjb2dtbzY3,p
#SayTheirNames,https://www.instagram.com/p/Cvnv4a3OsYX/?igsh=NndsamlhN29sbWhs,p
#NoJusticeNoPeace,https://www.instagram.com/p/C6s7znBt9w4/?igsh=enZ5N3JtcmV3dXh2,n
#NoJusticeNoPeace,https://www.instagram.com/p/C48f84ahCWn/?igsh=cm04eml0MWU2OHg=,n
#NoJusticeNoPeace,https://www.instagram.com/p/CK6lEG3FHV_/?igsh=MTkxN3Vza3NlMDBvbg==,p
#NoJusticeNoPeace,https://www.instagram.com/p/C7ZzFksvxYa/?igsh=OWpiZHNyb203cWVu,n
#NoJusticeNoPeace,https://www.instagram.com/p/Czwgy4ey1pE/?igsh=MXBoOHNlZHYxb29lbg==,p
#NoJusticeNoPeace,https://www.instagram.com/p/C3xh8-FukGV/?igsh=MWFqYW11azZ0YXYzaA==,p
#NoJusticeNoPeace,https://www.instagram.com/p/Czk0uHXuK06/?igsh=OXBsejV4dDY4dHYx,n
#NoJusticeNoPeace,https://www.instagram.com/p/CPPSYlIM04E/?igsh=djZzM3U1dzY1bWRh,n
#NoJusticeNoPeace,https://www.instagram.com/p/C6JQiDXM971/?igsh=ODd1ZzJjNnF4Z3Fx,n
#NoJusticeNoPeace,https://www.instagram.com/p/C3p3MX9LZrD/?igsh=bnN5aDgzOGR0bmhh,p
#NoJusticeNoPeace,https://www.instagram.com/p/C643ItCt0Ol/?igsh=NTN6aGZ3NThoM2dj,n
#NoJusticeNoPeace,https://www.instagram.com/p/C61kKdKOF8a/?igsh=MTcweXZhdHNlOTN4Mw==,n
#NoJusticeNoPeace,https://www.instagram.com/p/C05G-8GO5Bu/?igsh=YTBjM3JwNTF3ajBs,n
#NoJusticeNoPeace,https://www.instagram.com/p/C63z1d7O86F/?igsh=Ym52ZG5qNnI1OGRx,n
#NoJusticeNoPeace,https://www.instagram.com/p/C7PnC14xfsG/?igsh=MWE2ZWhnMGowcGFuYg==,p
#NoJusticeNoPeace,https://www.instagram.com/p/C5GeT-vSRh0/?igsh=MWM3dmxoY2VleDc4aQ==,p
#NoJusticeNoPeace,https://www.instagram.com/p/C7ItwINtARb/?igsh=MTd0aTRvZWRkNTFuMA==,p
#NoJusticeNoPeace,https://www.instagram.com/p/CLIT5NRB04S/?igsh=MTNtbWkweDVsbDl3cA==,p
#NoJusticeNoPeace,https://www.instagram.com/p/C6UH2c4OpyR/?igsh=MWdseDh0a2xodDN1Zg==,n
#NoJusticeNoPeace,https://www.instagram.com/p/C6WAD0oMoT8/?igsh=ang4NjJyMmF2ajFy,n
#EndPoliceBrutality,https://www.instagram.com/p/C6oCTQ6LxPN/?utm_source=ig_web_copy_link&igsh=MzRlODBiNWFlZA==,p
#EndPoliceBrutality,https://www.instagram.com/p/C64kqMvr2nO/?utm_source=ig_web_copy_link&igsh=MzRlODBiNWFlZA==,p
#EndPoliceBrutality,https://www.instagram.com/p/CN6I1IGjdWl/?igsh=MXJnc3lpOTBqMHp4bw==,n
#EndPoliceBrutality,https://www.instagram.com/p/CA_eWARltgH/?igsh=Y2U4eXlud3hibW53,n
#EndPoliceBrutality,https://www.instagram.com/p/CA1NcHTFsA9/?igsh=djBvbGl5Mmh1aXp0,n
#EndPoliceBrutality,https://www.instagram.com/p/CBhaWbXFHuZ/?igsh=ank3dmxiOXVzYTBu,p
#EndPoliceBrutality,https://www.instagram.com/p/CA-1GFyJYTM/?igsh=ZG1hNnI0bzlrNGMw,n
#EndPoliceBrutality,https://www.instagram.com/p/C3RObgvg-qQ/?igsh=djhpaDU1bnFremtt,p
#EndPoliceBrutality,https://www.instagram.com/p/CA0m1ebFlZ7/?igsh=cWw3aHNtZ2hlZ2tz,n
#EndPoliceBrutality,https://www.instagram.com/p/CA6kojmDOyZ/?igsh=dWJxdWlwOXNvbjFy,n
#EndPoliceBrutality,https://www.instagram.com/p/C5cclNNuu4Y/?igsh=MTRjcmtwbnNyOGxobg==,p
#EndPoliceBrutality,https://www.instagram.com/p/CtxEfN7MUji/?igsh=MW05eWhsY2hkYmh6dA==,n
#EndPoliceBrutality,https://www.instagram.com/p/Cn8HR0bPbg2/?igsh=NW8zdW1tbXppNTBp,n
#EndPoliceBrutality,https://www.instagram.com/p/CzE9Z2NyMXh/?igsh=MTR5ZXIwZmplbjFocw==,n
#EndPoliceBrutality,https://www.instagram.com/p/CA9KnFwDI46/?igsh=YTg1Mmc3OTN5enQ0,n
#EndPoliceBrutality,https://www.instagram.com/p/CBGtWveFfUk/?igsh=MTAxZjJna2JuOHN5Yw==,p
#EndPoliceBrutality,https://www.instagram.com/p/CA85Y0QgG9W/?igsh=MTRidWl2bGF2anphMw==,n
#EndPoliceBrutality,https://www.instagram.com/p/CA4FHPyDFpn/?igsh=MWE4bnRvbTYxcm1ocw==,p
#EndPoliceBrutality,https://www.instagram.com/p/CCOmn_LJGlf/?igsh=ZXAyejhjb2dtbzY3,p
#EndPoliceBrutality,https://www.instagram.com/p/Cvnv4a3OsYX/?igsh=NndsamlhN29sbWhs,p