#WomensMarch,https://www.instagram.com/p/CoTD0J9y14j/?igsh=dWFxNzNlc3VuZHNp,n
#WomensMarch,https://www.instagram.com/p/Ca1ohiNIAkY/?igsh=MTZ5NzVuOTc1ajVmcQ==,p
#WomensMarch,https://www.instagram.com/p/B9QNxBMAZ12/?igsh=MTBtY210bjNqd2p2dQ==,p
#WomensMarch,https://www.instagram.com/p/Ca1wmQ8sPlp/?igsh=MXJhM3FuNjhodzA5Mw==,p
#WomensMarch,https://www.instagram.com/p/CIVV41WA7C6/?igsh=a29xdnR5b29tdXhv,p
#WomensMarch,https://www.instagram.com/p/BgzV8-lAZIU/?igsh=MW1mN2hvc2x5aGFzYg==,n
#WomensMarch,https://www.instagram.com/p/BuvsL0olhdJ/?igsh=czY1d3BvZTh4a2ds,p
#WomensMarch,https://www.instagram.com/p/Ca17o4bsZut/?igsh=MW15aHNwbm5rNDhkYw==,p
#WomensMarch,https://www.instagram.com/p/Bs0t1mBluua/?igsh=MWVyd2podW9xcXJycg==,p
#WomensMarch,https://www.instagram.com/p/CJp-tfwhAC9/?igsh=MW44N20zaWg4N3Y3Nw==,p
#WomensMarch,https://www.instagram.com/p/Bs7NLjwhFqT/?igsh=c3B1c3ZpbWlsbXA2,n
#WomensMarch,https://www.instagram.com/p/Bs1gnTeF30s/?igsh=M3luZm1tZDh5YmVh,p
#WomensMarch,https://www.instagram.com/p/CMKKhxKA4uj/?igsh=YzY3c3lucWJ2MzMx,p
#WomensMarch,https://www.instagram.com/p/Bs1XOJFnn5b/?igsh=MXI5M2R0YmEwNmRkMg==,p
#WomensMarch,https://www.instagram.com/p/CMKG4gJhQvw/?igsh=MTB2czZwY3dhZ2d1dg==,n
#WomensMarch,https://www.instagram.com/p/BjIqcMxjqAH/?igsh=NXgxY29oNXMzbGFo,p
#WomensMarch,https://www.instagram.com/p/CUp2Za_Js02/?igsh=MXc0a2tnZ2NoYWRjMQ==,n
#WomensMarch,https://www.instagram.com/p/BgFYIg8Fac6/?igsh=MWcxazliNjI0ZW1mMg==,p
#WomensMarch,https://www.instagram.com/p/BuTxkzYBzKh/?igsh=MWZsMm53aHFzbnpiZw==,p
#WomensMarch,https://www.instagram.com/p/Bs0wJLQgKEg/?igsh=MWVzaW9leHp4ZTAwYw==,p
#WhyIMarch,https://www.instagram.com/p/CMdKVq_JE8Q/?igsh=eWNwaWNxM2MzajB6,n
#WhyIMarch,https://www.instagram.com/p/CSka8HlsRAq/?igsh=MWV1ZW1ucGRiNXJxMA==,n
#WhyIMarch,https://www.instagram.com/p/CMLCOfMh1dL/?igsh=MTNzNG1iZWRyaGE4aw==,n
#WhyIMarch,https://www.instagram.com/p/B9eHHABgSuO/?igsh=d2Q3OTV5a2NnNHB4,p
#WhyIMarch,https://www.instagram.com/p/B9SChyyHYxt/?igsh=N2pwZHMzZ2Q0aTll,p
#WhyIMarch,https://www.instagram.com/p/B7tRECHjBB6/?igsh=eHZvcWxuMG1lZDhk,p
#WhyIMarch,https://www.instagram.com/p/CMKZsnoB20W/?igsh=ZTZwYjJlemp6b3Vk,n
#WhyIMarch,https://www.instagram.com/p/CMbWW8TDBx-/?igsh=OGM4bW91cjIyb214,p
#WhyIMarch,https://www.instagram.com/p/CMbWW8TDBx-/?igsh=OGM4bW91cjIyb214,p
#WhyIMarch,https://www.instagram.com/p/B7uHHeeFJXF/?igsh=MXBobXlxb2JobXEzOA==,p
#WhyIMarch,https://www.instagram.com/p/CMbWs9vMBOZ/?igsh=dmxueHBvNnI2cWhm,p
#WhyIMarch,https://www.instagram.com/p/B7fNdsdBIAS/?igsh=MWVnMzBxcWgwYzYxbA==,p
#WhyIMarch,https://www.instagram.com/p/B9TNTwVB63s/?igsh=bzljNGEzMXEwZTM4,n
#WhyIMarch,https://www.instagram.com/p/CMKQz8znTtx/?igsh=MWZkMmt1YTViMnAydw==,n
#WhyIMarch,https://www.instagram.com/p/CMamxeUJNQz/?igsh=Z3JhcmdrNTJmb2Vh,n
#WhyIMarch,https://www.instagram.com/p/B7r1T-CjqTH/?igsh=dm40eW9oMXFwZW4x,p
#WhyIMarch,https://www.instagram.com/p/CKXdm7lnRpX/?igsh=NTUxMmtxOWdtZ2J6,n
#WhyIMarch,https://www.instagram.com/p/CMbxkBXhZQT/?igsh=MTEyMDBiODR2aDQ3bw==,n
#WhyIMarch,https://www.instagram.com/p/B9O7bcagKK_/?igsh=YmdqOTdmN210eW84,p
#WhyIMarch,https://www.instagram.com/p/B9e3MqnJUJY/?igsh=MWJ3MTRnZjFlMDY1bg==,p
#HearOurVoice,https://www.instagram.com/p/CoTD0J9y14j/?igsh=dWFxNzNlc3VuZHNp,n
#HearOurVoice,https://www.instagram.com/p/Ca1ohiNIAkY/?igsh=MTZ5NzVuOTc1ajVmcQ==,p
#HearOurVoice,https://www.instagram.com/p/B9QNxBMAZ12/?igsh=MTBtY210bjNqd2p2dQ==,p
#HearOurVoice,https://www.instagram.com/p/Ca1wmQ8sPlp/?igsh=MXJhM3FuNjhodzA5Mw==,p
#HearOurVoice,https://www.instagram.com/p/CIVV41WA7C6/?igsh=a29xdnR5b29tdXhv,p
#HearOurVoice,https://www.instagram.com/p/BgzV8-lAZIU/?igsh=MW1mN2hvc2x5aGFzYg==,n
#HearOurVoice,https://www.instagram.com/p/BuvsL0olhdJ/?igsh=czY1d3BvZTh4a2ds,p
#HearOurVoice,https://www.instagram.com/p/Ca17o4bsZut/?igsh=MW15aHNwbm5rNDhkYw==,p
#HearOurVoice,https://www.instagram.com/p/Bs0t1mBluua/?igsh=MWVyd2podW9xcXJycg==,p
#HearOurVoice,https://www.instagram.com/p/CJp-tfwhAC9/?igsh=MW44N20zaWg4N3Y3Nw==,p
#HearOurVoice,https://www.instagram.com/p/Bs7NLjwhFqT/?igsh=c3B1c3ZpbWlsbXA2,n
#HearOurVoice,https://www.instagram.com/p/Bs1gnTeF30s/?igsh=M3luZm1tZDh5YmVh,p
#HearOurVoice,https://www.instagram.com/p/CMKKhxKA4uj/?igsh=YzY3c3lucWJ2MzMx,p
#HearOurVoice,https://www.instagram.com/p/Bs1XOJFnn5b/?igsh=MXI5M2R0YmEwNmRkMg==,p
#HearOurVoice,https://www.instagram.com/p/CMKG4gJhQvw/?igsh=MTB2czZwY3dhZ2d1dg==,n
#HearOurVoice,https://www.instagram.com/p/BjIqcMxjqAH/?igsh=NXgxY29oNXMzbGFo,p
#HearOurVoice,https://www.instagram.com/p/CUp2Za_Js02/?igsh=MXc0a2tnZ2NoYWRjMQ==,n
#HearOurVoice,https://www.instagram.com/p/BgFYIg8Fac6/?igsh=MWcxazliNjI0ZW1mMg==,p
#HearOurVoice,https://www.instagram.com/p/BuTxkzYBzKh/?igsh=MWZsMm53aHFzbnpiZw==,p
#HearOurVoice,https://www.instagram.com/p/Bs0wJLQgKEg/?igsh=MWVzaW9leHp4ZTAwYw==,p
#TimesUp,https://www.instagram.com/p/CMdKVq_JE8Q/?igsh=eWNwaWNxM2MzajB6,n
#TimesUp,https://www.instagram.com/p/CSka8HlsRAq/?igsh=MWV1ZW1ucGRiNXJxMA==,n
#TimesUp,https://www.instagram.com/p/CMLCOfMh1dL/?igsh=MTNzNG1iZWRyaGE4aw==,n
#TimesUp,https://www.instagram.com/p/B9eHHABgSuO/?igsh=d2Q3OTV5a2NnNHB4,p
#TimesUp,https://www.instagram.com/p/B9SChyyHYxt/?igsh=N2pwZHMzZ2Q0aTll,p
#TimesUp,https://www.instagram.com/p/B7tRECHjBB6/?igsh=eHZvcWxuMG1lZDhk,p
#TimesUp,https://www.instagram.com/p/CMKZsnoB20W/?igsh=ZTZwYjJlemp6b3Vk,n
#TimesUp,https://www.instagram.com/p/CMbWW8TDBx-/?igsh=OGM4bW91cjIyb214,p
#TimesUp,https://www.instagram.com/p/CMbWW8TDBx-/?igsh=OGM4bW91cjIyb214,p
#TimesUp,https://www.instagram.com/p/B7uHHeeFJXF/?igsh=MXBobXlxb2JobXEzOA==,p
#TimesUp,https://www.instagram.com/p/CMbWs9vMBOZ/?igsh=dmxueHBvNnI2cWhm,p
#TimesUp,https://www.instagram.com/p/B7fNdsdBIAS/?igsh=MWVnMzBxcWgwYzYxbA==,p
#TimesUp,https://www.instagram.com/p/B9TNTwVB63s/?igsh=bzljNGEzMXEwZTM4,n
#TimesUp,https://www.instagram.com/p/CMKQz8znTtx/?igsh=MWZkMmt1YTViMnAydw==,n
#TimesUp,https://www.instagram.com/p/CMamxeUJNQz/?igsh=Z3JhcmdrNTJmb2Vh,n
#TimesUp,https://www.instagram.com/p/B7r1T-CjqTH/?igsh=dm40eW9oMXFwZW4x,p
#TimesUp,https://www.instagram.com/p/CKXdm7lnRpX/?igsh=NTUxMmtxOWdtZ2J6,n
#TimesUp,https://www.instagram.com/p/CMbxkBXhZQT/?igsh=MTEyMDBiODR2aDQ3bw==,n
#TimesUp,https://www.instagram.com/p/B9O7bcagKK_/?igsh=YmdqOTdmN210eW84,p
#TimesUp,https://www.instagram.com/p/B9e3MqnJUJY/?igsh=MWJ3MTRnZjFlMDY1bg==,p
#WomensRightsAreHumanRights,https://www.instagram.com/p/CoTD0J9y14j/?igsh=dWFxNzNlc3VuZHNp,n
#WomensRightsAreHumanRights,https://www.instagram.com/p/Ca1ohiNIAkY/?igsh=MTZ5NzVuOTc1ajVmcQ==,p
#WomensRightsAreHumanRights,https://www.instagram.com/p/B9QNxBMAZ12/?igsh=MTBtY210bjNqd2p2dQ==,p
#WomensRightsAreHumanRights,https://www.instagram.com/p/Ca1wmQ8sPlp/?igsh=MXJhM3FuNjhodzA5Mw==,p
#WomensRightsAreHumanRights,https://www.instagram.com/p/CIVV41WA7C6/?igsh=a29xdnR5b29tdXhv,p
#WomensRightsAreHumanRights,https://www.instagram.com/p/BgzV8-lAZIU/?igsh=MW1mN2hvc2x5aGFzYg==,n
#WomensRightsAreHumanRights,https://www.instagram.com/p/BuvsL0olhdJ/?igsh=czY1d3BvZTh4a2ds,p
#WomensRightsAreHumanRights,https://www.instagram.com/p/Ca17o4bsZut/?igsh=MW15aHNwbm5rNDhkYw==,p
#WomensRightsAreHumanRights,https://www.instagram.com/p/Bs0t1mBluua/?igsh=MWVyd2podW9xcXJycg==,p
#WomensRightsAreHumanRights,https://www.instagram.com/p/CJp-tfwhAC9/?igsh=MW44N20zaWg4N3Y3Nw==,p
#WomensRightsAreHumanRights,https://www.instagram.com/p/Bs7NLjwhFqT/?igsh=c3B1c3ZpbWlsbXA2,n
#WomensRightsAreHumanRights,https://www.instagram.com/p/Bs1gnTeF30s/?igsh=M3luZm1tZDh5YmVh,p
#WomensRightsAreHumanRights,https://www.instagram.com/p/CMKKhxKA4uj/?igsh=YzY3c3lucWJ2MzMx,p
#WomensRightsAreHumanRights,https://www.instagram.com/p/Bs1XOJFnn5b/?igsh=MXI5M2R0YmEwNmRkMg==,p
#WomensRightsAreHumanRights,https://www.instagram.com/p/CMKG4gJhQvw/?igsh=MTB2czZwY3dhZ2d1dg==,n
#WomensRightsAreHumanRights,https://www.instagram.com/p/BjIqcMxjqAH/?igsh=NXgxY29oNXMzbGFo,p
#WomensRightsAreHumanRights,https://www.instagram.com/p/CUp2Za_Js02/?igsh=MXc0a2tnZ2NoYWRjMQ==,n
#WomensRightsAreHumanRights,https://www.instagram.com/p/BgFYIg8Fac6/?igsh=MWcxazliNjI0ZW1mMg==,p
#WomensRightsAreHumanRights,https://www.instagram.com/p/BuTxkzYBzKh/?igsh=MWZsMm53aHFzbnpiZw==,p
#WomensRightsAreHumanRights,https://www.instagram.com/p/Bs0wJLQgKEg/?igsh=MWVzaW9leHp4ZTAwYw==,p