#ClimateStrike,https://www.instagram.com/p/C6cR1_brR0Y/?igsh=MXAzZ2hra3Frc3Z2dw==,n
#ClimateStrike,https://www.instagram.com/p/C6X91bHsQ_f/?igsh=MW11NmQzZ2poeXIwaw==,n
#ClimateStrike,https://www.instagram.com/p/C1jAfmEM1wW/?igsh=MTV1MHVianhmMG5kaA==,p
#ClimateStrike,https://www.instagram.com/p/C63eYRussrG/?igsh=MjN0OWF6YjFqajdh,n
#ClimateStrike,https://www.instagram.com/p/C35jThKudNV/?igsh=MTRwMnM2bGwwMjlxMA==,n
#ClimateStrike,https://www.instagram.com/p/C7ErteTIDI0/?igsh=emQ0Y2cza285OGxh,n
#ClimateStrike,https://www.instagram.com/p/C7Rrt2LOZh4/?igsh=emNtZTJjbjF2cmp1,p
#ClimateStrike,https://www.instagram.com/p/C39z12bIBii/?igsh=MXN6em42bGxiYzJyYQ==,p
#ClimateStrike,https://www.instagram.com/p/C6wYSQCA2Kg/?igsh=MXN4OTg2MnM3c3Y3cA==,n
#ClimateStrike,https://www.instagram.com/p/C6l_ymmMwSk/?igsh=MW9kMGJ4ZTd5dDMwNA==,p
#ClimateStrike,https://www.instagram.com/p/C4C2Bd7tBPa/?igsh=b3lidzJ6dmFsdjB2,p
#ClimateStrike,https://www.instagram.com/p/C6Rzh33uxx9/?igsh=MTlzZWszM2lkbXBq,n
#ClimateStrike,https://www.instagram.com/p/C7ZHBUTvslf/?igsh=cGNyNmR6ancyNGs0,p
#ClimateStrike,https://www.instagram.com/p/C62UC0Jv8gD/?igsh=MzUzeWEwNDBiODcy,p
#ClimateStrike,https://www.instagram.com/p/C6EvcB0PhWw/?igsh=MXJpbmE5cWxxOHIydg==,n
#ClimateStrike,https://www.instagram.com/p/C6s47qFhxye/?igsh=OW5ubzBwZGF0b3Fq,n
#ClimateStrike,https://www.instagram.com/p/C6dXPjpIKkt/?igsh=anRpcm5ianpyeHZo,n
#ClimateStrike,https://www.instagram.com/p/C5lU6UwNYBe/?igsh=enp3d3YwbDUxb3Uy,p
#ClimateStrike,https://www.instagram.com/p/C6ow4nGvB5t/?igsh=dGZwZnM2ZjdxYXJq,n
#ClimateStrike,https://www.instagram.com/p/C7RmbkBNiZz/?igsh=MWp2ZHZ5Nnk3bWU0aQ==,p
#FridaysForFuture,https://www.instagram.com/p/C7WUsikiUcr/?igsh=MWxwNDNjeDJoa2Ftcg==,n
#FridaysForFuture,https://www.instagram.com/p/C5X7DRmivh4/?igsh=MW9qNzdoeDZnOHIxMw==,p
#FridaysForFuture,https://www.instagram.com/p/C7B5xM7uvCz/?igsh=MTEzNHVuNGFobnFpag==,n
#FridaysForFuture,https://www.instagram.com/p/C3r5mjgCLEz/?igsh=c2NkNzZhczVtdG95,n
#FridaysForFuture,https://www.instagram.com/p/C6x0y2zI9fw/?igsh=MTcyMTRud202MThuZQ==,p
#FridaysForFuture,https://www.instagram.com/p/C6i_1FtNUzE/?igsh=bmc2NWszYzl2eXBx,n
#FridaysForFuture,https://www.instagram.com/p/C7WEvnFI5vI/?igsh=MWRjbzF3a3djeGZ0Zw==,p
#FridaysForFuture,https://www.instagram.com/p/C2YSXnfM3rQ/?igsh=MWE2OTZ0b3J0bzJ3aQ==,p
#FridaysForFuture,https://www.instagram.com/p/C59EVjbtX5h/?igsh=ZWF4bWhjMGlscndr,p
#FridaysForFuture,https://www.instagram.com/p/C5qOHY2I8jN/?igsh=YWQ3Ym13eTY0b2g=,p
#FridaysForFuture,https://www.instagram.com/p/C0lyOBLsYw8/?igsh=MW90c2R0ZHYweWQ4bQ==,n
#FridaysForFuture,https://www.instagram.com/p/C6DoR8roawM/?igsh=cGk3eWtmOXdkZTl0,p
#FridaysForFuture,https://www.instagram.com/p/CxvfWP6reUb/?igsh=MW14ZHU2bnFjdGIxYQ==,n
#FridaysForFuture,https://www.instagram.com/p/C6ElFhpt5KJ/?igsh=eGtvd2JjOWd2eGZ3,n
#FridaysForFuture,https://www.instagram.com/p/C6cR1_brR0Y/?igsh=MXAzZ2hra3Frc3Z2dw==,n
#FridaysForFuture,https://www.instagram.com/p/C6X91bHsQ_f/?igsh=MW11NmQzZ2poeXIwaw==,n
#FridaysForFuture,https://www.instagram.com/p/C1jAfmEM1wW/?igsh=MTV1MHVianhmMG5kaA==,p
#FridaysForFuture,https://www.instagram.com/p/C63eYRussrG/?igsh=MjN0OWF6YjFqajdh,n
#FridaysForFuture,https://www.instagram.com/p/C35jThKudNV/?igsh=MTRwMnM2bGwwMjlxMA==,n
#FridaysForFuture,https://www.instagram.com/p/C7ErteTIDI0/?igsh=emQ0Y2cza285OGxh,n
#ClimateAction,https://www.instagram.com/p/C7Rrt2LOZh4/?igsh=emNtZTJjbjF2cmp1,p
#ClimateAction,https://www.instagram.com/p/C39z12bIBii/?igsh=MXN6em42bGxiYzJyYQ==,p
#ClimateAction,https://www.instagram.com/p/C6wYSQCA2Kg/?igsh=MXN4OTg2MnM3c3Y3cA==,n
#ClimateAction,https://www.instagram.com/p/C6l_ymmMwSk/?igsh=MW9kMGJ4ZTd5dDMwNA==,p
#ClimateAction,https://www.instagram.com/p/C4C2Bd7tBPa/?igsh=b3lidzJ6dmFsdjB2,p
#ClimateAction,https://www.instagram.com/p/C6Rzh33uxx9/?igsh=MTlzZWszM2lkbXBq,n
#ClimateAction,https://www.instagram.com/p/C7ZHBUTvslf/?igsh=cGNyNmR6ancyNGs0,p
#ClimateAction,https://www.instagram.com/p/C62UC0Jv8gD/?igsh=MzUzeWEwNDBiODcy,p
#ClimateAction,https://www.instagram.com/p/C6EvcB0PhWw/?igsh=MXJpbmE5cWxxOHIydg==,n
#ClimateAction,https://www.instagram.com/p/C6s47qFhxye/?igsh=OW5ubzBwZGF0b3Fq,n
#ClimateAction,https://www.instagram.com/p/C6dXPjpIKkt/?igsh=anRpcm5ianpyeHZo,n
#ClimateAction,https://www.instagram.com/p/C5lU6UwNYBe/?igsh=enp3d3YwbDUxb3Uy,p
#ClimateAction,https://www.instagram.com/p/C6ow4nGvB5t/?igsh=dGZwZnM2ZjdxYXJq,n
#ClimateAction,https://www.instagram.com/p/C7RmbkBNiZz/?igsh=MWp2ZHZ5Nnk3bWU0aQ==,p
#ClimateAction,https://www.instagram.com/p/C7WUsikiUcr/?igsh=MWxwNDNjeDJoa2Ftcg==,n
#ClimateAction,https://www.instagram.com/p/C5X7DRmivh4/?igsh=MW9qNzdoeDZnOHIxMw==,p
#ClimateAction,https://www.instagram.com/p/C7B5xM7uvCz/?igsh=MTEzNHVuNGFobnFpag==,n
#ClimateAction,https://www.instagram.com/p/C3r5mjgCLEz/?igsh=c2NkNzZhczVtdG95,n
#ClimateAction,https://www.instagram.com/p/C6x0y2zI9fw/?igsh=MTcyMTRud202MThuZQ==,p
#ClimateAction,https://www.instagram.com/p/C6i_1FtNUzE/?igsh=bmc2NWszYzl2eXBx,n
#ExtinctionRebellion,https://www.instagram.com/p/C7WEvnFI5vI/?igsh=MWRjbzF3a3djeGZ0Zw==,p
#ExtinctionRebellion,https://www.instagram.com/p/C2YSXnfM3rQ/?igsh=MWE2OTZ0b3J0bzJ3aQ==,p
#ExtinctionRebellion,https://www.instagram.com/p/C59EVjbtX5h/?igsh=ZWF4bWhjMGlscndr,p
#ExtinctionRebellion,https://www.instagram.com/p/C5qOHY2I8jN/?igsh=YWQ3Ym13eTY0b2g=,p
#ExtinctionRebellion,https://www.instagram.com/p/C0lyOBLsYw8/?igsh=MW90c2R0ZHYweWQ4bQ==,n
#ExtinctionRebellion,https://www.instagram.com/p/C6DoR8roawM/?igsh=cGk3eWtmOXdkZTl0,p
#ExtinctionRebellion,https://www.instagram.com/p/CxvfWP6reUb/?igsh=MW14ZHU2bnFjdGIxYQ==,n
#ExtinctionRebellion,https://www.instagram.com/p/C6ElFhpt5KJ/?igsh=eGtvd2JjOWd2eGZ3,n
#ExtinctionRebellion,https://www.instagram.com/p/C6cR1_brR0Y/?igsh=MXAzZ2hra3Frc3Z2dw==,n
#ExtinctionRebellion,https://www.instagram.com/p/C6X91bHsQ_f/?igsh=MW11NmQzZ2poeXIwaw==,n
#ExtinctionRebellion,https://www.instagram.com/p/C1jAfmEM1wW/?igsh=MTV1MHVianhmMG5kaA==,p
#ExtinctionRebellion,https://www.instagram.com/p/C63eYRussrG/?igsh=MjN0OWF6YjFqajdh,n
#ExtinctionRebellion,https://www.instagram.com/p/C35jThKudNV/?igsh=MTRwMnM2bGwwMjlxMA==,n
#ExtinctionRebellion,https://www.instagram.com/p/C7ErteTIDI0/?igsh=emQ0Y2cza285OGxh,n
#ExtinctionRebellion,https://www.instagram.com/p/C7Rrt2LOZh4/?igsh=emNtZTJjbjF2cmp1,p
#ExtinctionRebellion,https://www.instagram.com/p/C39z12bIBii/?igsh=MXN6em42bGxiYzJyYQ==,p
#ExtinctionRebellion,https://www.instagram.com/p/C6wYSQCA2Kg/?igsh=MXN4OTg2MnM3c3Y3cA==,n
#ExtinctionRebellion,https://www.instagram.com/p/C6l_ymmMwSk/?igsh=MW9kMGJ4ZTd5dDMwNA==,p
#ExtinctionRebellion,https://www.instagram.com/p/C4C2Bd7tBPa/?igsh=b3lidzJ6dmFsdjB2,p
#ExtinctionRebellion,https://www.instagram.com/p/C6Rzh33uxx9/?igsh=MTlzZWszM2lkbXBq,n
#ActOnClimate,https://www.instagram.com/p/C7ZHBUTvslf/?igsh=cGNyNmR6ancyNGs0,p
#ActOnClimate,https://www.instagram.com/p/C62UC0Jv8gD/?igsh=MzUzeWEwNDBiODcy,p
#ActOnClimate,https://www.instagram.com/p/C6EvcB0PhWw/?igsh=MXJpbmE5cWxxOHIydg==,n
#ActOnClimate,https://www.instagram.com/p/C6s47qFhxye/?igsh=OW5ubzBwZGF0b3Fq,n
#ActOnClimate,https://www.instagram.com/p/C6dXPjpIKkt/?igsh=anRpcm5ianpyeHZo,n
#ActOnClimate,https://www.instagram.com/p/C5lU6UwNYBe/?igsh=enp3d3YwbDUxb3Uy,p
#ActOnClimate,https://www.instagram.com/p/C6ow4nGvB5t/?igsh=dGZwZnM2ZjdxYXJq,n
#ActOnClimate,https://www.instagram.com/p/C7RmbkBNiZz/?igsh=MWp2ZHZ5Nnk3bWU0aQ==,p
#ActOnClimate,https://www.instagram.com/p/C7WUsikiUcr/?igsh=MWxwNDNjeDJoa2Ftcg==,n
#ActOnClimate,https://www.instagram.com/p/C5X7DRmivh4/?igsh=MW9qNzdoeDZnOHIxMw==,p
#ActOnClimate,https://www.instagram.com/p/C7B5xM7uvCz/?igsh=MTEzNHVuNGFobnFpag==,n
#ActOnClimate,https://www.instagram.com/p/C3r5mjgCLEz/?igsh=c2NkNzZhczVtdG95,n
#ActOnClimate,https://www.instagram.com/p/C6x0y2zI9fw/?igsh=MTcyMTRud202MThuZQ==,p
#ActOnClimate,https://www.instagram.com/p/C6i_1FtNUzE/?igsh=bmc2NWszYzl2eXBx,n
#ActOnClimate,https://www.instagram.com/p/C7WEvnFI5vI/?igsh=MWRjbzF3a3djeGZ0Zw==,p
#ActOnClimate,https://www.instagram.com/p/C2YSXnfM3rQ/?igsh=MWE2OTZ0b3J0bzJ3aQ==,p
#ActOnClimate,https://www.instagram.com/p/C59EVjbtX5h/?igsh=ZWF4bWhjMGlscndr,p
#ActOnClimate,https://www.instagram.com/p/C5qOHY2I8jN/?igsh=YWQ3Ym13eTY0b2g=,p
#ActOnClimate,https://www.instagram.com/p/C0lyOBLsYw8/?igsh=MW90c2R0ZHYweWQ4bQ==,n
#ActOnClimate,https://www.instagram.com/p/C6DoR8roawM/?igsh=cGk3eWtmOXdkZTl0,p
